SL,"平均值","高水平(+1SD)","低水平(-1SD)"
0,3.3336120835139686,3.5709802268085222,3.096243940219415
1,3.6500914037958476,4.0064486972238065,3.2937341103678888